{"assets/images/.DS_Store":["assets/images/.DS_Store"],"packages/cupertino_icons/assets/CupertinoIcons.ttf":["packages/cupertino_icons/assets/CupertinoIcons.ttf"],"assets/images/home_center_close@2x.png":["assets/images/home_center_close@2x.png"],"assets/images/home_center_close@3x.png":["assets/images/home_center_close@3x.png"],"assets/images/home_center_focus@2x.png":["assets/images/home_center_focus@2x.png"],"assets/images/home_center_focus@3x.png":["assets/images/home_center_focus@3x.png"],"assets/images/home_center_share@2x.png":["assets/images/home_center_share@2x.png"],"assets/images/home_center_share@3x.png":["assets/images/home_center_share@3x.png"],"assets/images/home_center_whole@2x.png":["assets/images/home_center_whole@2x.png"],"assets/images/home_center_whole@3x.png":["assets/images/home_center_whole@3x.png"]}